n,permutation,coxeter_length
2,"[1, 2]",0
3,"[2, 1, 3]",1
3,"[1, 3, 2]",1
3,"[1, 2, 3]",0
3,"[3, 2, 1]",3
4,"[2, 1, 4, 3]",2
4,"[1, 4, 3, 2]",3
4,"[2, 1, 3, 4]",1
4,"[2, 3, 4, 1]",3
4,"[3, 2, 1, 4]",3
4,"[4, 3, 1, 2]",5
4,"[1, 4, 2, 3]",2
4,"[1, 2, 3, 4]",0
4,"[4, 3, 2, 1]",6
4,"[3, 1, 4, 2]",3
4,"[1, 2, 4, 3]",1
4,"[4, 1, 2, 3]",3
4,"[3, 4, 1, 2]",4
4,"[4, 2, 3, 1]",5
4,"[1, 3, 2, 4]",1
4,"[4, 1, 3, 2]",4
5,"[2, 5, 3, 1, 4]",5
5,"[3, 5, 2, 4, 1]",7
5,"[5, 2, 3, 1, 4]",6
5,"[5, 2, 1, 4, 3]",6
5,"[4, 3, 2, 1, 5]",6
5,"[5, 1, 2, 4, 3]",5
5,"[2, 1, 4, 5, 3]",3
5,"[1, 2, 5, 4, 3]",3
5,"[1, 3, 5, 2, 4]",3
5,"[3, 5, 4, 1, 2]",7
5,"[4, 1, 5, 3, 2]",6
5,"[1, 3, 4, 5, 2]",3
5,"[5, 3, 1, 4, 2]",7
5,"[2, 3, 1, 4, 5]",2
5,"[2, 4, 1, 5, 3]",4
5,"[5, 1, 3, 4, 2]",6
5,"[2, 4, 5, 1, 3]",5
5,"[2, 4, 5, 3, 1]",6
5,"[4, 2, 5, 3, 1]",7
5,"[3, 1, 5, 2, 4]",4
5,"[5, 1, 4, 3, 2]",7
5,"[4, 5, 2, 3, 1]",8
5,"[5, 4, 1, 2, 3]",7
5,"[4, 5, 3, 1, 2]",8
5,"[1, 3, 2, 4, 5]",1
5,"[2, 3, 4, 1, 5]",3
5,"[4, 1, 3, 5, 2]",5
5,"[2, 4, 3, 1, 5]",4
5,"[1, 5, 2, 3, 4]",3
5,"[2, 5, 3, 4, 1]",6
5,"[5, 1, 3, 2, 4]",5
5,"[5, 4, 3, 1, 2]",9
5,"[3, 5, 4, 2, 1]",8
5,"[3, 2, 4, 5, 1]",5
5,"[1, 4, 2, 5, 3]",3
5,"[3, 4, 5, 2, 1]",7
5,"[2, 3, 5, 1, 4]",4
5,"[3, 2, 4, 1, 5]",4
5,"[3, 1, 2, 5, 4]",3
5,"[1, 5, 4, 3, 2]",6
5,"[2, 3, 4, 5, 1]",4
5,"[1, 2, 5, 3, 4]",2
5,"[4, 2, 5, 1, 3]",6
5,"[3, 1, 2, 4, 5]",2
5,"[2, 1, 5, 4, 3]",4
5,"[3, 2, 5, 4, 1]",6
5,"[3, 5, 1, 2, 4]",5
5,"[5, 2, 3, 4, 1]",7
5,"[5, 3, 2, 4, 1]",8
5,"[2, 1, 3, 5, 4]",2
5,"[4, 1, 2, 3, 5]",3
5,"[2, 4, 3, 5, 1]",5
5,"[1, 4, 5, 2, 3]",4
5,"[4, 3, 1, 2, 5]",5
5,"[4, 2, 1, 5, 3]",5
5,"[4, 2, 3, 5, 1]",6
5,"[3, 4, 5, 1, 2]",6
5,"[3, 4, 1, 5, 2]",5
5,"[3, 2, 1, 5, 4]",4
5,"[1, 2, 3, 4, 5]",0
5,"[4, 5, 1, 3, 2]",7
5,"[5, 3, 2, 1, 4]",7
5,"[4, 1, 2, 5, 3]",4
5,"[3, 4, 1, 2, 5]",4
5,"[2, 5, 4, 3, 1]",7
5,"[4, 3, 5, 2, 1]",8
5,"[1, 5, 3, 4, 2]",5
5,"[2, 5, 1, 4, 3]",5
5,"[4, 2, 3, 1, 5]",5
5,"[5, 4, 2, 1, 3]",8
5,"[5, 2, 4, 1, 3]",7
5,"[3, 5, 2, 1, 4]",6
5,"[5, 2, 1, 3, 4]",5
5,"[2, 4, 1, 3, 5]",3
5,"[5, 4, 3, 2, 1]",10
5,"[1, 3, 5, 4, 2]",4
5,"[5, 3, 4, 2, 1]",9
5,"[5, 1, 2, 3, 4]",4
5,"[1, 5, 3, 2, 4]",4
5,"[1, 2, 3, 5, 4]",1
5,"[3, 2, 1, 4, 5]",3
5,"[1, 4, 3, 2, 5]",3
5,"[5, 4, 1, 3, 2]",8
5,"[4, 2, 1, 3, 5]",4
6,"[6, 2, 5, 3, 4, 1]",11
6,"[1, 2, 3, 6, 4, 5]",2
6,"[6, 5, 1, 2, 4, 3]",10
6,"[6, 4, 5, 1, 2, 3]",11
6,"[2, 5, 6, 4, 1, 3]",9
6,"[1, 2, 3, 4, 5, 6]",0
6,"[5, 3, 1, 6, 4, 2]",9
6,"[1, 3, 4, 5, 2, 6]",3
6,"[1, 3, 5, 2, 6, 4]",4
6,"[6, 3, 4, 1, 5, 2]",10
6,"[2, 6, 4, 1, 5, 3]",8
6,"[6, 3, 4, 2, 5, 1]",11
6,"[5, 1, 3, 4, 6, 2]",7
6,"[3, 2, 6, 1, 5, 4]",7
6,"[4, 1, 5, 2, 6, 3]",6
6,"[1, 3, 2, 6, 4, 5]",3
6,"[2, 5, 4, 3, 1, 6]",7
6,"[6, 1, 4, 3, 5, 2]",9
6,"[3, 2, 5, 6, 1, 4]",7
6,"[4, 1, 3, 2, 5, 6]",4
6,"[5, 1, 6, 4, 3, 2]",10
6,"[5, 2, 4, 1, 3, 6]",7
6,"[4, 5, 3, 2, 1, 6]",9
6,"[5, 1, 4, 2, 3, 6]",6
6,"[1, 5, 2, 4, 3, 6]",4
6,"[6, 3, 2, 5, 1, 4]",10
6,"[2, 6, 1, 5, 4, 3]",8
6,"[2, 4, 6, 5, 3, 1]",9
6,"[1, 4, 2, 3, 6, 5]",3
6,"[3, 4, 5, 6, 1, 2]",8
6,"[3, 2, 1, 6, 5, 4]",6
6,"[4, 3, 6, 5, 1, 2]",10
6,"[2, 1, 5, 3, 6, 4]",4
6,"[2, 6, 4, 3, 5, 1]",9
6,"[5, 2, 4, 6, 3, 1]",10
6,"[5, 4, 2, 1, 3, 6]",8
6,"[3, 4, 1, 5, 2, 6]",5
6,"[2, 5, 3, 6, 4, 1]",8
6,"[1, 4, 2, 3, 5, 6]",2
6,"[2, 5, 3, 4, 1, 6]",6
6,"[2, 4, 3, 6, 5, 1]",7
6,"[6, 4, 5, 2, 3, 1]",13
6,"[4, 1, 3, 5, 2, 6]",5
6,"[4, 5, 1, 6, 2, 3]",8
6,"[5, 4, 3, 2, 6, 1]",11
6,"[1, 4, 3, 6, 5, 2]",6
6,"[3, 1, 2, 5, 4, 6]",3
6,"[6, 4, 1, 5, 3, 2]",11
6,"[6, 3, 2, 4, 1, 5]",9
6,"[1, 4, 5, 3, 6, 2]",6
6,"[6, 2, 1, 5, 4, 3]",9
6,"[1, 4, 5, 6, 3, 2]",7
6,"[5, 2, 3, 6, 1, 4]",8
6,"[2, 3, 4, 5, 1, 6]",4
6,"[1, 2, 5, 4, 3, 6]",3
6,"[6, 2, 1, 5, 3, 4]",8
6,"[5, 2, 6, 3, 1, 4]",9
6,"[2, 1, 3, 4, 6, 5]",2
6,"[1, 2, 6, 3, 4, 5]",3
6,"[6, 1, 2, 5, 4, 3]",8
6,"[3, 5, 4, 6, 2, 1]",10
6,"[4, 5, 3, 6, 2, 1]",11
6,"[3, 1, 4, 5, 6, 2]",5
6,"[5, 3, 2, 1, 4, 6]",7
6,"[4, 2, 1, 5, 3, 6]",5
6,"[5, 3, 1, 2, 6, 4]",7
6,"[2, 1, 6, 3, 4, 5]",4
6,"[2, 5, 3, 4, 6, 1]",7
6,"[2, 4, 5, 6, 3, 1]",8
6,"[5, 6, 1, 2, 3, 4]",8
6,"[5, 6, 3, 2, 1, 4]",11
6,"[3, 6, 1, 5, 4, 2]",9
6,"[5, 2, 6, 3, 4, 1]",10
6,"[1, 2, 3, 5, 4, 6]",1
6,"[2, 4, 1, 6, 5, 3]",6
6,"[4, 1, 6, 3, 5, 2]",8
6,"[3, 1, 2, 4, 5, 6]",2
6,"[2, 6, 3, 5, 1, 4]",8
6,"[1, 5, 6, 4, 2, 3]",8
6,"[1, 2, 4, 6, 5, 3]",4
6,"[1, 6, 2, 3, 5, 4]",5
6,"[2, 1, 4, 6, 3, 5]",4
6,"[4, 3, 2, 5, 6, 1]",8
6,"[3, 2, 4, 1, 6, 5]",5
6,"[6, 2, 1, 4, 3, 5]",7
6,"[6, 2, 1, 4, 5, 3]",8
6,"[1, 3, 4, 2, 5, 6]",2
6,"[6, 1, 5, 2, 3, 4]",8
6,"[5, 1, 4, 3, 6, 2]",8
6,"[5, 1, 2, 3, 6, 4]",5
6,"[1, 3, 4, 6, 2, 5]",4
6,"[6, 2, 4, 5, 1, 3]",10
6,"[1, 5, 6, 3, 4, 2]",8
6,"[2, 3, 1, 6, 4, 5]",4
6,"[6, 4, 2, 3, 1, 5]",10
6,"[3, 5, 6, 4, 1, 2]",10
6,"[2, 3, 6, 4, 5, 1]",7
6,"[1, 6, 2, 3, 4, 5]",4
6,"[4, 6, 1, 5, 2, 3]",9
6,"[3, 5, 4, 6, 1, 2]",9
6,"[3, 2, 6, 4, 5, 1]",8
6,"[3, 5, 1, 2, 4, 6]",5
6,"[3, 6, 1, 4, 2, 5]",7
6,"[1, 6, 2, 4, 3, 5]",5
6,"[6, 3, 2, 1, 4, 5]",8
6,"[5, 3, 4, 1, 6, 2]",9
6,"[6, 1, 3, 5, 2, 4]",8
6,"[3, 2, 1, 6, 4, 5]",5
6,"[3, 2, 4, 6, 5, 1]",7
6,"[2, 4, 6, 1, 3, 5]",6
6,"[6, 2, 3, 4, 1, 5]",8
6,"[2, 3, 6, 5, 1, 4]",7
6,"[4, 5, 6, 2, 3, 1]",11
6,"[3, 1, 6, 4, 2, 5]",6
6,"[3, 5, 2, 4, 1, 6]",7
6,"[4, 6, 2, 5, 1, 3]",10
6,"[2, 5, 6, 4, 3, 1]",10
6,"[1, 2, 6, 4, 5, 3]",5
6,"[5, 6, 2, 4, 1, 3]",11
6,"[6, 5, 3, 2, 1, 4]",12
6,"[6, 2, 1, 3, 4, 5]",6
6,"[3, 1, 6, 5, 2, 4]",7
6,"[2, 5, 6, 1, 3, 4]",7
6,"[6, 2, 4, 3, 5, 1]",10
6,"[4, 2, 6, 5, 1, 3]",9
6,"[4, 3, 5, 1, 6, 2]",8
6,"[5, 6, 1, 3, 2, 4]",9
6,"[6, 3, 2, 1, 5, 4]",9
6,"[4, 2, 5, 1, 6, 3]",7
6,"[5, 6, 1, 2, 4, 3]",9
6,"[5, 3, 2, 6, 1, 4]",9
6,"[5, 6, 1, 4, 2, 3]",10
6,"[5, 1, 3, 2, 4, 6]",5
6,"[4, 1, 2, 6, 3, 5]",5
6,"[4, 3, 5, 1, 2, 6]",7
6,"[2, 3, 5, 6, 1, 4]",6
6,"[1, 2, 4, 5, 3, 6]",2
6,"[3, 1, 5, 4, 6, 2]",6
6,"[2, 6, 4, 5, 3, 1]",10
6,"[5, 6, 4, 1, 2, 3]",11
6,"[5, 3, 1, 4, 2, 6]",7
6,"[4, 5, 2, 6, 1, 3]",9
6,"[6, 5, 4, 2, 1, 3]",13
6,"[1, 5, 3, 2, 4, 6]",4
6,"[2, 3, 6, 1, 4, 5]",5
6,"[3, 6, 5, 1, 2, 4]",9
6,"[1, 4, 5, 2, 3, 6]",4
6,"[5, 2, 3, 1, 4, 6]",6
6,"[1, 6, 5, 3, 4, 2]",9
6,"[1, 3, 5, 4, 2, 6]",4
6,"[3, 5, 4, 1, 6, 2]",8
6,"[4, 5, 2, 3, 6, 1]",9
6,"[4, 3, 6, 5, 2, 1]",11
6,"[3, 1, 5, 2, 6, 4]",5
6,"[1, 6, 3, 2, 4, 5]",5
6,"[6, 5, 4, 2, 3, 1]",14
6,"[1, 4, 2, 6, 5, 3]",5
6,"[4, 3, 1, 5, 2, 6]",6
6,"[2, 1, 4, 6, 5, 3]",5
6,"[6, 2, 5, 1, 4, 3]",10
6,"[1, 3, 5, 2, 4, 6]",3
6,"[4, 6, 2, 5, 3, 1]",11
6,"[5, 1, 6, 3, 2, 4]",8
6,"[4, 5, 3, 1, 6, 2]",9
6,"[4, 6, 3, 1, 5, 2]",10
6,"[5, 1, 3, 6, 2, 4]",7
6,"[2, 4, 6, 3, 1, 5]",7
6,"[2, 4, 1, 3, 5, 6]",3
6,"[2, 4, 5, 3, 6, 1]",7
6,"[5, 1, 3, 2, 6, 4]",6
6,"[2, 3, 1, 5, 6, 4]",4
6,"[1, 5, 2, 6, 4, 3]",6
6,"[1, 4, 6, 2, 5, 3]",6
6,"[6, 4, 5, 3, 2, 1]",14
6,"[6, 4, 5, 2, 1, 3]",12
6,"[2, 5, 4, 6, 3, 1]",9
6,"[6, 1, 2, 5, 3, 4]",7
6,"[6, 5, 2, 1, 3, 4]",10
6,"[1, 5, 3, 6, 2, 4]",6
6,"[3, 6, 2, 1, 4, 5]",7
6,"[2, 4, 3, 1, 5, 6]",4
6,"[2, 5, 4, 1, 6, 3]",7
6,"[6, 3, 1, 4, 5, 2]",9
6,"[4, 1, 6, 5, 2, 3]",8
6,"[3, 6, 1, 2, 5, 4]",7
6,"[1, 2, 3, 4, 6, 5]",1
6,"[2, 6, 3, 1, 5, 4]",7
6,"[6, 3, 5, 4, 2, 1]",13
6,"[2, 4, 3, 1, 6, 5]",5
6,"[3, 2, 1, 4, 5, 6]",3
6,"[2, 4, 1, 6, 3, 5]",5
6,"[2, 4, 3, 5, 1, 6]",5
6,"[6, 4, 3, 1, 2, 5]",10
6,"[2, 3, 4, 6, 1, 5]",5
6,"[6, 3, 4, 5, 2, 1]",12
6,"[5, 2, 1, 6, 4, 3]",8
6,"[2, 3, 1, 5, 4, 6]",3
6,"[3, 2, 1, 5, 4, 6]",4
6,"[1, 6, 3, 4, 5, 2]",7
6,"[3, 4, 2, 6, 1, 5]",7
6,"[2, 4, 3, 6, 1, 5]",6
6,"[1, 4, 2, 5, 3, 6]",3
6,"[2, 1, 5, 6, 3, 4]",5
6,"[5, 1, 6, 4, 2, 3]",9
6,"[1, 5, 4, 6, 3, 2]",8
6,"[5, 3, 4, 6, 1, 2]",10
6,"[5, 3, 4, 2, 6, 1]",10
6,"[4, 1, 3, 5, 6, 2]",6
6,"[6, 3, 5, 1, 2, 4]",10
6,"[4, 2, 1, 6, 3, 5]",6
6,"[4, 1, 6, 2, 5, 3]",7
6,"[5, 6, 2, 3, 1, 4]",10
6,"[5, 6, 1, 4, 3, 2]",11
6,"[2, 1, 3, 5, 4, 6]",2
6,"[3, 6, 1, 4, 5, 2]",8
6,"[4, 2, 1, 6, 5, 3]",7
6,"[6, 5, 3, 1, 2, 4]",11
6,"[1, 6, 4, 5, 2, 3]",8
6,"[5, 1, 2, 4, 6, 3]",6
6,"[6, 1, 3, 4, 5, 2]",8
6,"[5, 4, 1, 2, 6, 3]",8
6,"[5, 6, 2, 4, 3, 1]",12
6,"[2, 5, 1, 3, 6, 4]",5
6,"[2, 3, 5, 1, 6, 4]",5
6,"[2, 3, 4, 5, 6, 1]",5
6,"[4, 3, 1, 2, 5, 6]",5
6,"[1, 2, 3, 6, 5, 4]",3
6,"[6, 5, 1, 3, 2, 4]",10
6,"[1, 6, 3, 5, 4, 2]",8
6,"[2, 5, 1, 4, 3, 6]",5
6,"[5, 4, 1, 2, 3, 6]",7
6,"[1, 6, 3, 2, 5, 4]",6
6,"[3, 6, 4, 1, 5, 2]",9
6,"[4, 1, 6, 5, 3, 2]",9
6,"[1, 3, 5, 6, 2, 4]",5
6,"[5, 3, 2, 6, 4, 1]",10
6,"[3, 4, 6, 2, 1, 5]",8
6,"[5, 6, 3, 4, 2, 1]",13
6,"[2, 5, 4, 3, 6, 1]",8
6,"[3, 4, 1, 5, 6, 2]",6
6,"[1, 5, 4, 2, 3, 6]",5
6,"[4, 5, 2, 6, 3, 1]",10
6,"[5, 2, 1, 4, 6, 3]",7
6,"[5, 3, 4, 6, 2, 1]",11
6,"[5, 1, 6, 2, 3, 4]",7
6,"[5, 2, 4, 3, 1, 6]",8
6,"[5, 6, 1, 3, 4, 2]",10
6,"[4, 5, 1, 2, 3, 6]",6
6,"[4, 6, 2, 3, 5, 1]",10
6,"[2, 1, 5, 4, 6, 3]",5
6,"[4, 2, 5, 6, 3, 1]",9
6,"[4, 6, 5, 1, 3, 2]",11
6,"[1, 4, 3, 5, 2, 6]",4
6,"[3, 1, 6, 2, 5, 4]",6
6,"[3, 5, 2, 1, 4, 6]",6
6,"[5, 6, 4, 2, 3, 1]",13
6,"[1, 6, 2, 5, 3, 4]",6
6,"[6, 5, 4, 3, 2, 1]",15
6,"[2, 5, 6, 3, 4, 1]",9
6,"[2, 6, 5, 3, 1, 4]",9
6,"[5, 6, 4, 1, 3, 2]",12
6,"[1, 5, 6, 2, 4, 3]",7
6,"[5, 4, 1, 6, 2, 3]",9
6,"[6, 4, 3, 5, 1, 2]",12
6,"[4, 6, 3, 2, 1, 5]",10
6,"[6, 1, 5, 3, 4, 2]",10
6,"[3, 2, 6, 4, 1, 5]",7
6,"[2, 6, 1, 4, 5, 3]",7
6,"[5, 4, 2, 6, 3, 1]",11
6,"[2, 4, 5, 3, 1, 6]",6
6,"[3, 4, 6, 5, 1, 2]",9
6,"[6, 1, 4, 2, 5, 3]",8
6,"[5, 2, 4, 6, 1, 3]",9
6,"[2, 6, 3, 1, 4, 5]",6
6,"[1, 3, 2, 4, 6, 5]",2
6,"[6, 1, 2, 3, 4, 5]",5
6,"[5, 4, 6, 2, 1, 3]",11
6,"[2, 4, 5, 1, 6, 3]",6
6,"[1, 6, 5, 2, 3, 4]",7
6,"[6, 3, 2, 5, 4, 1]",11
6,"[5, 6, 2, 3, 4, 1]",11
6,"[4, 3, 1, 5, 6, 2]",7
6,"[3, 1, 6, 2, 4, 5]",5
6,"[2, 1, 6, 4, 3, 5]",5
6,"[2, 1, 4, 3, 5, 6]",2
6,"[4, 5, 3, 6, 1, 2]",10
6,"[1, 6, 4, 3, 5, 2]",8
6,"[3, 1, 5, 2, 4, 6]",4
6,"[4, 5, 2, 3, 1, 6]",8
6,"[4, 2, 3, 6, 5, 1]",8
6,"[5, 2, 3, 6, 4, 1]",9
6,"[5, 4, 3, 1, 2, 6]",9
6,"[2, 1, 6, 4, 5, 3]",6
6,"[4, 2, 3, 5, 6, 1]",7
6,"[5, 6, 3, 1, 2, 4]",10
6,"[3, 2, 5, 1, 4, 6]",5
6,"[1, 2, 5, 6, 3, 4]",4
6,"[2, 3, 4, 6, 5, 1]",6
6,"[2, 3, 5, 4, 1, 6]",5
6,"[2, 4, 5, 1, 3, 6]",5
6,"[4, 6, 3, 5, 2, 1]",12
6,"[1, 5, 2, 3, 4, 6]",3
6,"[1, 3, 2, 4, 5, 6]",1
6,"[3, 2, 6, 5, 1, 4]",8
6,"[3, 4, 1, 2, 5, 6]",4
6,"[4, 2, 6, 1, 5, 3]",8
6,"[6, 2, 3, 4, 5, 1]",9
6,"[1, 2, 4, 3, 5, 6]",1
6,"[1, 6, 5, 4, 2, 3]",9
6,"[6, 1, 3, 4, 2, 5]",7
6,"[1, 3, 6, 2, 5, 4]",5
6,"[1, 6, 4, 3, 2, 5]",7
6,"[3, 4, 1, 6, 5, 2]",7
6,"[3, 4, 5, 2, 6, 1]",8
6,"[4, 5, 1, 2, 6, 3]",7
6,"[3, 1, 6, 5, 4, 2]",8
6,"[2, 6, 5, 1, 4, 3]",9
6,"[6, 3, 1, 5, 4, 2]",10
6,"[2, 5, 4, 6, 1, 3]",8
6,"[5, 2, 3, 4, 6, 1]",8
6,"[6, 3, 1, 2, 4, 5]",7
6,"[5, 6, 2, 1, 4, 3]",10
6,"[2, 4, 6, 1, 5, 3]",7
6,"[5, 2, 6, 4, 3, 1]",11
6,"[5, 4, 1, 3, 6, 2]",9
6,"[2, 1, 5, 4, 3, 6]",4
6,"[6, 5, 3, 4, 1, 2]",13
6,"[2, 1, 3, 6, 5, 4]",4
6,"[2, 3, 5, 6, 4, 1]",7
6,"[5, 4, 2, 3, 1, 6]",9
6,"[5, 1, 4, 3, 2, 6]",7
6,"[2, 3, 4, 1, 5, 6]",3
6,"[3, 5, 4, 2, 6, 1]",9
6,"[1, 6, 4, 2, 5, 3]",7
6,"[2, 6, 4, 5, 1, 3]",9
6,"[1, 5, 2, 6, 3, 4]",5
6,"[6, 4, 5, 1, 3, 2]",12
6,"[1, 6, 2, 5, 4, 3]",7
6,"[2, 5, 1, 6, 4, 3]",7
6,"[1, 5, 2, 4, 6, 3]",5
6,"[3, 2, 1, 4, 6, 5]",4
6,"[1, 2, 4, 6, 3, 5]",3
6,"[5, 1, 3, 6, 4, 2]",8
6,"[6, 2, 5, 4, 1, 3]",11
6,"[4, 5, 2, 1, 3, 6]",7
6,"[5, 1, 4, 6, 2, 3]",8
6,"[6, 4, 2, 1, 5, 3]",10
6,"[1, 5, 6, 3, 2, 4]",7
6,"[6, 5, 4, 1, 3, 2]",13
6,"[5, 3, 4, 2, 1, 6]",9
6,"[2, 1, 5, 3, 4, 6]",3
6,"[1, 4, 2, 6, 3, 5]",4
6,"[3, 6, 5, 2, 4, 1]",11
6,"[6, 5, 2, 3, 4, 1]",12
6,"[4, 6, 3, 1, 2, 5]",9
6,"[6, 3, 4, 1, 2, 5]",9
6,"[4, 2, 3, 5, 1, 6]",6
6,"[1, 4, 3, 2, 5, 6]",3
6,"[6, 4, 2, 5, 3, 1]",12
6,"[3, 6, 2, 5, 1, 4]",9
6,"[5, 1, 2, 3, 4, 6]",4
6,"[1, 3, 6, 2, 4, 5]",4
6,"[6, 1, 5, 4, 2, 3]",10
6,"[2, 5, 4, 1, 3, 6]",6
6,"[6, 5, 3, 1, 4, 2]",12
6,"[5, 4, 3, 6, 2, 1]",12
6,"[5, 1, 2, 6, 3, 4]",6
6,"[2, 3, 4, 1, 6, 5]",4
6,"[3, 6, 4, 5, 2, 1]",11
6,"[6, 4, 1, 2, 3, 5]",8
6,"[5, 6, 3, 4, 1, 2]",12
6,"[2, 5, 3, 1, 4, 6]",5
6,"[5, 1, 4, 2, 6, 3]",7
6,"[5, 3, 1, 4, 6, 2]",8
6,"[6, 1, 4, 3, 2, 5]",8
6,"[4, 5, 6, 1, 2, 3]",9
6,"[3, 2, 5, 4, 6, 1]",7
6,"[1, 3, 2, 5, 6, 4]",3
6,"[3, 1, 2, 5, 6, 4]",4
6,"[1, 6, 4, 5, 3, 2]",9
6,"[3, 5, 4, 1, 2, 6]",7
6,"[4, 1, 5, 2, 3, 6]",5
6,"[1, 2, 3, 5, 6, 4]",2
6,"[4, 3, 5, 6, 1, 2]",9
6,"[2, 4, 1, 3, 6, 5]",4
6,"[4, 1, 2, 5, 3, 6]",4
6,"[3, 5, 6, 4, 2, 1]",11
6,"[3, 5, 1, 4, 6, 2]",7
6,"[4, 2, 5, 6, 1, 3]",8
6,"[2, 4, 3, 5, 6, 1]",6
6,"[4, 6, 2, 1, 3, 5]",8
6,"[2, 6, 5, 4, 1, 3]",10
6,"[4, 3, 5, 2, 1, 6]",8
6,"[5, 3, 6, 4, 1, 2]",11
6,"[3, 1, 5, 6, 4, 2]",7
6,"[4, 2, 6, 5, 3, 1]",10
6,"[6, 5, 1, 3, 4, 2]",11
6,"[6, 5, 2, 4, 3, 1]",13
6,"[2, 6, 3, 4, 1, 5]",7
6,"[5, 4, 1, 6, 3, 2]",10
6,"[4, 3, 1, 2, 6, 5]",6
6,"[5, 2, 6, 4, 1, 3]",10
6,"[1, 4, 6, 2, 3, 5]",5
6,"[6, 2, 4, 1, 3, 5]",8
6,"[5, 3, 1, 6, 2, 4]",8
6,"[3, 5, 6, 1, 2, 4]",8
6,"[1, 4, 6, 5, 2, 3]",7
6,"[3, 1, 2, 6, 5, 4]",5
6,"[5, 1, 6, 3, 4, 2]",9
6,"[1, 4, 6, 5, 3, 2]",8
6,"[3, 1, 6, 4, 5, 2]",7
6,"[3, 4, 2, 1, 5, 6]",5
6,"[1, 4, 5, 2, 6, 3]",5
6,"[2, 1, 3, 5, 6, 4]",3
6,"[5, 3, 1, 2, 4, 6]",6
6,"[6, 2, 5, 3, 1, 4]",10
6,"[6, 1, 3, 2, 5, 4]",7
6,"[4, 2, 1, 3, 5, 6]",4
6,"[6, 3, 1, 2, 5, 4]",8
6,"[5, 3, 6, 4, 2, 1]",12
6,"[3, 5, 2, 1, 6, 4]",7
6,"[1, 3, 5, 4, 6, 2]",5
6,"[2, 5, 1, 6, 3, 4]",6
6,"[5, 3, 2, 4, 6, 1]",9
6,"[6, 4, 2, 1, 3, 5]",9
6,"[6, 1, 4, 2, 3, 5]",7
6,"[1, 3, 2, 5, 4, 6]",2
6,"[3, 5, 6, 1, 4, 2]",9
6,"[2, 5, 6, 3, 1, 4]",8
6,"[3, 5, 6, 2, 1, 4]",9
6,"[6, 4, 5, 3, 1, 2]",13
6,"[3, 6, 2, 1, 5, 4]",8
6,"[5, 3, 2, 1, 6, 4]",8
6,"[4, 5, 3, 2, 6, 1]",10
6,"[3, 6, 5, 4, 2, 1]",12
6,"[4, 1, 2, 3, 5, 6]",3
6,"[6, 4, 1, 5, 2, 3]",10
6,"[6, 2, 4, 1, 5, 3]",9
6,"[3, 1, 4, 2, 6, 5]",4
6,"[2, 1, 4, 5, 6, 3]",4
6,"[3, 4, 6, 5, 2, 1]",10
6,"[6, 1, 5, 3, 2, 4]",9
6,"[4, 3, 2, 5, 1, 6]",7
6,"[3, 6, 4, 1, 2, 5]",8
6,"[3, 4, 6, 1, 5, 2]",8
6,"[6, 1, 2, 4, 5, 3]",7
6,"[6, 4, 3, 5, 2, 1]",13
6,"[1, 5, 3, 4, 2, 6]",5
6,"[1, 5, 4, 3, 2, 6]",6
6,"[6, 5, 1, 2, 3, 4]",9
6,"[2, 1, 3, 4, 5, 6]",1
6,"[4, 6, 5, 2, 1, 3]",11
6,"[1, 4, 3, 2, 6, 5]",4
6,"[5, 4, 2, 1, 6, 3]",9
6,"[3, 2, 4, 6, 1, 5]",6
6,"[3, 5, 1, 4, 2, 6]",6
6,"[2, 6, 1, 4, 3, 5]",6
6,"[5, 3, 6, 2, 4, 1]",11
6,"[4, 6, 3, 5, 1, 2]",11
6,"[5, 1, 2, 6, 4, 3]",7
6,"[1, 4, 6, 3, 2, 5]",6
6,"[4, 3, 6, 2, 5, 1]",10
6,"[6, 5, 2, 3, 1, 4]",11
6,"[1, 5, 6, 4, 3, 2]",9
6,"[3, 5, 1, 2, 6, 4]",6
6,"[4, 1, 5, 6, 2, 3]",7
6,"[3, 2, 5, 1, 6, 4]",6
6,"[4, 2, 6, 3, 5, 1]",9
6,"[2, 6, 3, 5, 4, 1]",9
6,"[2, 6, 5, 3, 4, 1]",10
6,"[6, 3, 4, 2, 1, 5]",10
6,"[2, 6, 1, 3, 4, 5]",5
6,"[2, 1, 3, 6, 4, 5]",3
6,"[2, 4, 1, 5, 6, 3]",5
6,"[6, 1, 4, 5, 3, 2]",10
6,"[4, 6, 3, 2, 5, 1]",11
6,"[6, 1, 2, 3, 5, 4]",6
6,"[4, 1, 6, 3, 2, 5]",7
6,"[3, 1, 5, 6, 2, 4]",6
6,"[3, 6, 1, 5, 2, 4]",8
6,"[4, 5, 6, 3, 2, 1]",12
6,"[5, 6, 2, 1, 3, 4]",9
6,"[3, 6, 4, 2, 1, 5]",9
6,"[5, 2, 6, 1, 3, 4]",8
6,"[2, 1, 6, 5, 4, 3]",7
6,"[1, 6, 2, 4, 5, 3]",6
6,"[3, 5, 2, 6, 1, 4]",8
6,"[4, 1, 3, 6, 5, 2]",7
6,"[4, 2, 5, 1, 3, 6]",6
6,"[3, 4, 5, 1, 6, 2]",7
6,"[3, 6, 4, 2, 5, 1]",10
6,"[3, 4, 2, 5, 6, 1]",7
6,"[1, 5, 3, 4, 6, 2]",6
6,"[4, 6, 5, 3, 2, 1]",13
6,"[4, 6, 2, 1, 5, 3]",9
6,"[1, 3, 6, 5, 4, 2]",7
6,"[3, 2, 5, 4, 1, 6]",6
6,"[1, 5, 4, 6, 2, 3]",7
6,"[6, 3, 5, 2, 1, 4]",11
6,"[2, 3, 1, 4, 5, 6]",2
6,"[1, 2, 5, 6, 4, 3]",5
6,"[2, 3, 6, 1, 5, 4]",6
6,"[6, 5, 4, 1, 2, 3]",12
